Link Type,Location Type,Title,Link,URL,PDF Size (bytes),Page Count,Text-based,Tagged,Notes,Equalify Scan Results
Box,Page (ACF Field),EXITO Pilot Grant Program (Field: intro_text_body),https://uofi.box.com/s/y263gi4t6g9u755s3j3z5t6eirjq9jnh,https://ahs.uic.edu/inside-ahs/exito/exito-pilot-grant-program/,,,,,Skipped: Box access failed - Box file is not a PDF,
PDF,Page (ACF Field),Student Grievance policy (Field: intro_text_body),https://oae.uic.edu/wp-content/uploads/sites/32/2019/10/UIC_Student_Academic_Grievance_Procedures-and-Forms_FINAL_Sept-2019.pdf,https://ahs.uic.edu/inside-ahs/student-resources/policies-and-handbooks/student-grievance-policy/,258324.0,29.0,True,False,No StructTreeRoot tag,
Box,Page (ACF Field),Peer coaching (Field: intro_text_body),https://uofi.box.com/s/6mpkc8wbtmo45f3kn9noo9xdjucc3sqw,https://ahs.uic.edu/inside-ahs/academic-support-achievement-program/peer-coaching/,101682.0,1.0,True,True,StructTreeRoot tag found,
Box,News (ACF Field),UIC College of Medicine &#038; UI College of Dentistry Scholars for Teaching Excellence Faculty Fellowship (Field: intro_text_body),https://uofi.app.box.com/s/11yn2g8mv74gg8an94kmwkj1tgghtcee,https://ahs.uic.edu/inside-ahs/news-stories/uic-college-of-medicine-ui-college-of-dentistry-scholars-for-teaching-excellence-faculty-fellowship/,,,,,Skipped: Box access failed - Box file is not a PDF,
Box,News (ACF Field),UIC College of Medicine &#038; UI College of Dentistry Scholars for Teaching Excellence Faculty Fellowship (Field: intro_text_body),https://uofi.app.box.com/s/fgg5fgakpju8kgq9ur23txzjwnx2fs9b,https://ahs.uic.edu/inside-ahs/news-stories/uic-college-of-medicine-ui-college-of-dentistry-scholars-for-teaching-excellence-faculty-fellowship/,,,,,Skipped: Box access failed - Box file is not a PDF,
Box,News (ACF Field),Call for nominations: AHS Staff Award of Merit (Field: intro_text_body),https://uofi.app.box.com/s/vscsi7rizv223ze5kmtwx9sa68eclsck,https://ahs.uic.edu/inside-ahs/news-stories/call-for-nominations-ahs-staff-award-of-merit/,24968.0,3.0,True,False,No StructTreeRoot tag,
Box,News (ACF Field),Branded standing backdrop design files now available (Field: intro_text_body),https://uofi.app.box.com/folder/282210076769?s=egy37l8kj1n9scfx93s742c4r9vkclhy,https://ahs.uic.edu/inside-ahs/news-stories/branded-standing-backdrop-design-files-now-available/,,,,,"Skipped: Box access failed - Message: Not Found
Status: 404
Code: not_found
Request ID: edxks7i2ukdcnrgp
Headers: {'date': 'Fri, 27 Jun 2025 20:49:06 GMT', 'content-type': 'application/json', 'x-envoy-upstream-service-time': '154', 'box-request-id': '0d0d28b9afd7a94b9d7aff0a704d59fac', 'cache-control': 'no-cache, no-store', 'strict-transport-security': 'max-age=31536000', 'via': '1.1 google', 'Alt-Svc': 'h3="":443""; ma=2592000,h3-29="":443""; ma=2592000', 'Transfer-Encoding': 'chunked'}
URL: https://api.box.com/2.0/shared_items
Method: GET
Context Info: None",
Box,News (ACF Field),Branded standing backdrop design files now available (Field: intro_text_body),https://uofi.app.box.com/folder/282210076769?s=egy37l8kj1n9scfx93s742c4r9vkclhy</a></p>,https://ahs.uic.edu/inside-ahs/news-stories/branded-standing-backdrop-design-files-now-available/,,,,,"Skipped: Box access failed - Message: Not Found
Status: 404
Code: not_found
Request ID: 1imyt4i2ukdcw4mw
Headers: {'date': 'Fri, 27 Jun 2025 20:49:06 GMT', 'content-type': 'application/json', 'x-envoy-upstream-service-time': '171', 'box-request-id': '0c96b77620dc2ccb4d22cf7c19745e720', 'cache-control': 'no-cache, no-store', 'strict-transport-security': 'max-age=31536000', 'via': '1.1 google', 'Alt-Svc': 'h3="":443""; ma=2592000,h3-29="":443""; ma=2592000', 'Transfer-Encoding': 'chunked'}
URL: https://api.box.com/2.0/shared_items
Method: GET
Context Info: None",
Box,News (ACF Field),AHS branded Zoom backgrounds (Field: intro_text_body),https://uofi.box.com/s/egy37l8kj1n9scfx93s742c4r9vkclhy,https://ahs.uic.edu/inside-ahs/news-stories/ahs-branded-zoom-backgrounds/,,,,,"Skipped: Box access failed - Message: Not Found
Status: 404
Code: not_found
Request ID: a0ddjji2ukdd217k
Headers: {'date': 'Fri, 27 Jun 2025 20:49:06 GMT', 'content-type': 'application/json', 'x-envoy-upstream-service-time': '137', 'box-request-id': '0cf00aab76635f061ca4c534b0629f718', 'cache-control': 'no-cache, no-store', 'strict-transport-security': 'max-age=31536000', 'via': '1.1 google', 'Alt-Svc': 'h3="":443""; ma=2592000,h3-29="":443""; ma=2592000', 'Transfer-Encoding': 'chunked'}
URL: https://api.box.com/2.0/shared_items
Method: GET
Context Info: None",
Box,News (ACF Field),AHS branded Zoom backgrounds (Field: intro_text_body),https://uofi.app.box.com/folder/110185802100?s=7rvqpdaf4rj0ewj4qhc94zqjws8lgyiw</a></p>,https://ahs.uic.edu/inside-ahs/news-stories/ahs-branded-zoom-backgrounds/,,,,,"Skipped: Box access failed - Message: Not Found
Status: 404
Code: not_found
Request ID: j20p06i2ukddafwn
Headers: {'date': 'Fri, 27 Jun 2025 20:49:07 GMT', 'content-type': 'application/json', 'x-envoy-upstream-service-time': '145', 'box-request-id': '0d1ac7f641333fd39dc3cc91773fe1fcd', 'cache-control': 'no-cache, no-store', 'strict-transport-security': 'max-age=31536000', 'via': '1.1 google', 'Alt-Svc': 'h3="":443""; ma=2592000,h3-29="":443""; ma=2592000', 'Transfer-Encoding': 'chunked'}
URL: https://api.box.com/2.0/shared_items
Method: GET
Context Info: None",
Box,News (ACF Field),Branded giveaways and swag (Field: intro_text_body),https://uofi.box.com/s/uqtmqpcbyaz23cush0ba4gwq5ds3l1bw,https://ahs.uic.edu/inside-ahs/news-stories/branded-giveaways-and-swag/,63645.0,3.0,True,False,No StructTreeRoot tag,
Box,News (ACF Field),"UIC Researcher Interviewed, Research Cited in Chicago Tribune Article (Field: intro_text_body)",https://uofi.box.com/s/95l6t96hhn6so9kpcu4wnoltc3bnnwx4,https://ahs.uic.edu/inside-ahs/news-stories/uic-researcher-interviewed-research-cited-in-chicago-tribune-article/,,,,,Skipped: Box access failed - Box file is not a PDF,
Box,News (ACF Field),Become a Research Learning Community as part of UIC&#8217;s AHS EXITO Program (Field: intro_text_body),https://uofi.box.com/s/0v8c7j8vtt7cu03aycu7uhgpbkt70p7h,https://ahs.uic.edu/inside-ahs/news-stories/become-a-research-learning-community-as-part-of-uics-ahs-exito-program/,,,,,"Skipped: Box access failed - Message: Not Found
Status: 404
Code: not_found
Request ID: w3w32ci2ukdfbted
Headers: {'date': 'Fri, 27 Jun 2025 20:49:10 GMT', 'content-type': 'application/json', 'x-envoy-upstream-service-time': '215', 'box-request-id': '01f2dfa2621b2ff5f45948b772a8f0fa5', 'cache-control': 'no-cache, no-store', 'strict-transport-security': 'max-age=31536000', 'via': '1.1 google', 'Alt-Svc': 'h3="":443""; ma=2592000,h3-29="":443""; ma=2592000', 'Transfer-Encoding': 'chunked'}
URL: https://api.box.com/2.0/shared_items
Method: GET
Context Info: None",
Box,News (ACF Field),Become a Research Learning Community as part of UIC&#8217;s AHS EXITO Program (Field: intro_text_body),https://uofi.box.com/s/txzt7k7ypgkw5oshigap0gxgpichh0u5,https://ahs.uic.edu/inside-ahs/news-stories/become-a-research-learning-community-as-part-of-uics-ahs-exito-program/,,,,,"Skipped: Box access failed - Message: Not Found
Status: 404
Code: not_found
Request ID: qbvc5ni2ukdfkb14
Headers: {'date': 'Fri, 27 Jun 2025 20:49:10 GMT', 'content-type': 'application/json', 'x-envoy-upstream-service-time': '172', 'box-request-id': '09eb3ca12016c516ec7665e77ea819b07', 'cache-control': 'no-cache, no-store', 'strict-transport-security': 'max-age=31536000', 'via': '1.1 google', 'Alt-Svc': 'h3="":443""; ma=2592000,h3-29="":443""; ma=2592000', 'Transfer-Encoding': 'chunked'}
URL: https://api.box.com/2.0/shared_items
Method: GET
Context Info: None",
Box,News (ACF Field),DHD/IDHD Annual Report is Here! (Field: intro_text_body),https://uofi.box.com/s/wky763jdwn0bgyskst2b0m069tfxeup3,https://ahs.uic.edu/inside-ahs/news-stories/dhd-idhd-annual-report-is-here/,13678610.0,28.0,True,True,StructTreeRoot tag found,
Box,News (ACF Field),DHD/IDHD Annual Report is Here! (Field: intro_text_body),https://uofi.box.com/s/wky763jdwn0bgyskst2b0m069tfxeup3</a></p>,https://ahs.uic.edu/inside-ahs/news-stories/dhd-idhd-annual-report-is-here/,,,,,"Skipped: Box access failed - Message: Not Found
Status: 404
Code: not_found
Request ID: 3sg13si2ukdi2qtq
Headers: {'date': 'Fri, 27 Jun 2025 20:49:14 GMT', 'content-type': 'application/json', 'x-envoy-upstream-service-time': '113', 'box-request-id': '0eca6f818b01380cce567c6cd7a69c5e3', 'cache-control': 'no-cache, no-store', 'strict-transport-security': 'max-age=31536000', 'via': '1.1 google', 'Alt-Svc': 'h3="":443""; ma=2592000,h3-29="":443""; ma=2592000', 'Transfer-Encoding': 'chunked'}
URL: https://api.box.com/2.0/shared_items
Method: GET
Context Info: None",
Box,News (ACF Field),Request for Proposals: “What If&#8230; Awards for Creative Medical Research” (Field: intro_text_body),https://uofi.box.com/s/p27mpibd2zeiwla1xl2dhpfjft79reu6,https://ahs.uic.edu/inside-ahs/news-stories/request-for-proposals-what-if-awards-for-creative-medical-research/,,,,,"Skipped: Box access failed - Message: Not Found
Status: 404
Code: not_found
Request ID: 2xv5i0i2ukdi90a5
Headers: {'date': 'Fri, 27 Jun 2025 20:49:15 GMT', 'content-type': 'application/json', 'x-envoy-upstream-service-time': '192', 'box-request-id': '047041507d74b96040bea6b2ec5c9f168', 'cache-control': 'no-cache, no-store', 'strict-transport-security': 'max-age=31536000', 'via': '1.1 google', 'Alt-Svc': 'h3="":443""; ma=2592000,h3-29="":443""; ma=2592000', 'Transfer-Encoding': 'chunked'}
URL: https://api.box.com/2.0/shared_items
Method: GET
Context Info: None",
Box,News (ACF Field),Hosting a Halloween event? Share your photos! (Field: intro_text_body),https://uofi.app.box.com/f/5c5c7de13d1e4fc4ad82cd82ef58ba36.</p>,https://ahs.uic.edu/inside-ahs/news-stories/hosting-a-halloween-event-share-your-photos/,,,,,"Skipped: Box access failed - Message: Not Found
Status: 404
Code: not_found
Request ID: 99la63i2ukdigi40
Headers: {'date': 'Fri, 27 Jun 2025 20:49:15 GMT', 'content-type': 'application/json', 'x-envoy-upstream-service-time': '143', 'box-request-id': '1dac862bb58d364d1e59517ec2d348382', 'cache-control': 'no-cache, no-store', 'strict-transport-security': 'max-age=31536000', 'via': '1.1 google', 'Alt-Svc': 'h3="":443""; ma=2592000,h3-29="":443""; ma=2592000', 'Transfer-Encoding': 'chunked'}
URL: https://api.box.com/2.0/shared_items
Method: GET
Context Info: None",
PDF,News (ACF Field),Peixuan Zheng receives U.S. Department of Defense Multiple Sclerosis Research Program Early Investigator Research Award (Field: intro_text_body),https://cdmrp.health.mil/funding/pa/HT942524MSRPEIRA_GG.pdf,https://ahs.uic.edu/inside-ahs/news-stories/peixuan-zheng-receives-u-s-department-of-defense-multiple-sclerosis-research-program-early-investigator-research-award/,538827.0,33.0,True,True,StructTreeRoot tag found,
Box,News (ACF Field),"Welcome Krista Stawarz, new UIC campus dietitian (Field: intro_text_body)",https://uofi.box.com/s/khdf27i9bqzxo59r3xe22pv0gsxoe8uj,https://ahs.uic.edu/inside-ahs/news-stories/welcome-krista-stawarz-new-uic-campus-dietitian/,,,,,Skipped: Box access failed - Box file is not a PDF,
Box,News (ACF Field),Ways to engage new AHS students (Field: intro_text_body),https://uofi.box.com/s/ju5ha05nacgrd6kwmyzoq1nk6h4r4ua0,https://ahs.uic.edu/inside-ahs/news-stories/ways-to-engage-new-ahs-students/,80799.0,1.0,True,True,StructTreeRoot tag found,
Box,News (ACF Field),Americans with Disabilities Act Title II changes (Field: intro_text_body),https://uofi.app.box.com/s/pgss3arpruxmzuncqeewzizxpxowcn29/folder/279557372423,https://ahs.uic.edu/inside-ahs/news-stories/americans-with-disabilities-act-title-ii-changes/,,,,,"Skipped: Box access failed - Message: Not Found
Status: 404
Code: not_found
Request ID: cb246hi2ukdkr34t
Headers: {'date': 'Fri, 27 Jun 2025 20:49:19 GMT', 'content-type': 'application/json', 'x-envoy-upstream-service-time': '199', 'box-request-id': '0ac667b3c11fcc319791020dc1c875889', 'cache-control': 'no-cache, no-store', 'strict-transport-security': 'max-age=31536000', 'via': '1.1 google', 'Alt-Svc': 'h3="":443""; ma=2592000,h3-29="":443""; ma=2592000', 'Transfer-Encoding': 'chunked'}
URL: https://api.box.com/2.0/shared_items
Method: GET
Context Info: None",
Box,News (ACF Field),Americans with Disabilities Act Title II changes (Field: intro_text_body),https://uofi.app.box.com/s/pgss3arpruxmzuncqeewzizxpxowcn29/folder/279557372423</a>.</p>,https://ahs.uic.edu/inside-ahs/news-stories/americans-with-disabilities-act-title-ii-changes/,,,,,"Skipped: Box access failed - Message: Not Found
Status: 404
Code: not_found
Request ID: ig9fl5i2ukdkyfih
Headers: {'date': 'Fri, 27 Jun 2025 20:49:19 GMT', 'content-type': 'application/json', 'x-envoy-upstream-service-time': '163', 'box-request-id': '0affe6b51e37754a9f1fd09fb227f6929', 'cache-control': 'no-cache, no-store', 'strict-transport-security': 'max-age=31536000', 'via': '1.1 google', 'Alt-Svc': 'h3="":443""; ma=2592000,h3-29="":443""; ma=2592000', 'Transfer-Encoding': 'chunked'}
URL: https://api.box.com/2.0/shared_items
Method: GET
Context Info: None",
PDF,News (ACF Field),Call for proposals: 2024 University Academic Alliance in Taiwan-University of Illinois System Joint Research Project (Field: intro_text_body),https://vpedi.uillinois.edu/app/uploads/2024/06/2024-call-for-proposals.pdf,https://ahs.uic.edu/inside-ahs/news-stories/call-for-proposals-2024-university-academic-alliance-in-taiwan-university-of-illinois-system-joint-research-project/,601192.0,13.0,True,False,No StructTreeRoot tag,
Box,News (ACF Field),Virtual Future is Now (VFIN) Research Study (Kanas outreach) (Field: intro_text_body),https://uofi.box.com/s/rbq06vkrylc4nvbq5ocpg932e4xc154n,https://ahs.uic.edu/inside-ahs/news-stories/virtual-future-is-now-vfin-research-study-kansas-outreach/,137636.0,1.0,True,True,StructTreeRoot tag found,
Box,News (ACF Field),Virtual Future is Now (VFIN) Research Study (Kanas outreach) (Field: intro_text_body),https://uofi.box.com/s/rbq06vkrylc4nvbq5ocpg932e4xc154n</a></div>,https://ahs.uic.edu/inside-ahs/news-stories/virtual-future-is-now-vfin-research-study-kansas-outreach/,,,,,"Skipped: Box access failed - Message: Not Found
Status: 404
Code: not_found
Request ID: 8tu19ji2ukdmk5c8
Headers: {'date': 'Fri, 27 Jun 2025 20:49:22 GMT', 'content-type': 'application/json', 'x-envoy-upstream-service-time': '133', 'box-request-id': '0b648e6a2a09fa3e16b0bd0ce9670db43', 'cache-control': 'no-cache, no-store', 'strict-transport-security': 'max-age=31536000', 'via': '1.1 google', 'Alt-Svc': 'h3="":443""; ma=2592000,h3-29="":443""; ma=2592000', 'Transfer-Encoding': 'chunked'}
URL: https://api.box.com/2.0/shared_items
Method: GET
Context Info: None",
Box,News (ACF Field),Rudri Purohit receives a 2024 Chicago Consular Corps Professional Development Award (Field: intro_text_body),https://uofi.app.box.com/s/aqtnauie47d6nimrsbir1yotj5wmvzk0,https://ahs.uic.edu/inside-ahs/news-stories/rudri-purohit-receives-a-2024-chicago-consular-corps-professional-development-award/,351705.0,3.0,True,True,StructTreeRoot tag found,
PDF,News (ACF Field),Hanover Report: Assessment and Generative Artificial Intelligence in Higher Education (Field: intro_text_body),https://cms.ahs.uic.edu/inside-ahs/wp-content/uploads/sites/12/2024/04/Assessment-and-Generative-Artificial-Intelligence-in-Higher-Education.pdf,https://ahs.uic.edu/inside-ahs/news-stories/hanover-report-assessment-and-generative-artificial-intelligence-in-higher-education/,1064593.0,17.0,True,True,StructTreeRoot tag found,
PDF,News (ACF Field),Student job opportunity with AHS &#8211; start this summer! (Field: intro_text_body),http://studentemployment.uic.edu/wp-content/uploads/sites/27/2017/06/General-Office-Aide-Clerical.pdf,https://ahs.uic.edu/inside-ahs/news-stories/student-job-opportunity-with-ahs-start-this-summer/,,,,,Download failed: 404 Client Error: Not Found for url: https://studentemployment.uic.edu/wp-content/uploads/sites/27/2017/06/General-Office-Aide-Clerical.pdf,
PDF,News (ACF Field),Kelsey Gabel and Krista Varady among 34 experts who issue letter to American Heart Association president concerning study that links intermittent fasting with heart disease (Field: intro_text_body),https://cms.ahs.uic.edu/inside-ahs/wp-content/uploads/sites/12/2024/04/Collective-Reponse-to-AHA-press-release-on-TRE.pdf,https://ahs.uic.edu/inside-ahs/news-stories/kelsey-gabel-and-krista-varady-among-34-experts-who-issue-letter-to-american-heart-association-president-concerning-study-that-links-intermittent-fasting-with-heart-disease/,232756.0,3.0,True,True,StructTreeRoot tag found,
Box,News (ACF Field),Faculty and staff guide to support student mental health (Field: intro_text_body),https://uofi.app.box.com/s/29gq7ijlua8g6bh4wfozi086a9ax25n6,https://ahs.uic.edu/inside-ahs/news-stories/faculty-and-staff-guide-to-support-student-mental-health/,252181.0,9.0,True,False,No StructTreeRoot tag,
PDF,News (ACF Field),Staying Safe This Respiratory Season (Field: intro_text_body),https://www.cdc.gov/flu/pdf/freeresources/general/strong-defense-against-flu.pdf,https://ahs.uic.edu/inside-ahs/news-stories/staying-safe-this-respiratory-season/,,,,,Download failed: 404 Client Error: Not Found for url: https://www.cdc.gov/flu/pdf/freeresources/general/strong-defense-against-flu.pdf,
Box,News (ACF Field),Join the 2024 Cohort for the Inclusive Education Scholars Certificate Program (IESCP) (Field: intro_text_body),https://uofi.app.box.com/s/7i91l7cwr9behqn000rkyxprwnfqieam,https://ahs.uic.edu/inside-ahs/news-stories/join-the-2024-cohort-for-the-inclusive-education-scholars-certificate-program-iescp/,135462.0,3.0,True,True,StructTreeRoot tag found,
PDF,News (ACF Field),AHS faculty and staff to be honored at 2023 UIC Faculty Awards Ceremony and Reception (Field: intro_text_body),https://faculty.uic.edu/wp-content/uploads/sites/60/2023/09/Faculty-Awards-Review-Panels-2023.pdf,https://ahs.uic.edu/inside-ahs/news-stories/ahs-faculty-and-staff-to-be-honored-at-2023-uic-faculty-awards-ceremony-and-reception/,151026.0,9.0,True,True,StructTreeRoot tag found,
Box,News (ACF Field),JCP Suit-Up Event (Field: intro_text_body),https://uofi.box.com/s/z1xs8dwuhs1o7w3ix3ov2us99mzavimn,https://ahs.uic.edu/inside-ahs/news-stories/jcp-suit-up-event/,,,,,Skipped: Box access failed - Box item is not a file,
Box,News (ACF Field),JCP Suit-Up Event (Field: intro_text_body),https://uofi.box.com/s/z1xs8dwuhs1o7w3ix3ov2us99mzavimn</a>.,https://ahs.uic.edu/inside-ahs/news-stories/jcp-suit-up-event/,,,,,"Skipped: Box access failed - Message: Not Found
Status: 404
Code: not_found
Request ID: 84n95ii2ukdsy4ct
Headers: {'date': 'Fri, 27 Jun 2025 20:49:32 GMT', 'content-type': 'application/json', 'x-envoy-upstream-service-time': '135', 'box-request-id': '0cab6df680c5ab64aa96265f4ebed31c6', 'cache-control': 'no-cache, no-store', 'strict-transport-security': 'max-age=31536000', 'via': '1.1 google', 'Alt-Svc': 'h3="":443""; ma=2592000,h3-29="":443""; ma=2592000', 'Transfer-Encoding': 'chunked'}
URL: https://api.box.com/2.0/shared_items
Method: GET
Context Info: None",
PDF,News (ACF Field),Carlos Crespo serves on advisory board for ACSM American Fitness Index 2023 Summary Report (Field: intro_text_body),https://americanfitnessindex.org/wp-content/uploads/2023/06/2023-American-Fitness-Index-Summary-Report_FINAL-20230629.pdf,https://ahs.uic.edu/inside-ahs/news-stories/carlos-crespo-serves-on-advisory-board-for-acsm-american-fitness-index-2023-summary-report/,,,,,"Download failed: HTTPSConnectionPool(host='americanfitnessindex.org', port=443): Max retries exceeded with url: /wp-content/uploads/2023/06/2023-American-Fitness-Index-Summary-Report_FINAL-20230629.pdf (Caused by ConnectTimeoutError(<urllib3.connection.HTTPSConnection object at 0x1113c7390>, 'Connection to americanfitnessindex.org timed out. (connect timeout=15)'))",
Box,News (ACF Field),Call for faculty submissions of external awards (Field: intro_text_body),https://uofi.box.com/s/i655v680h7qcnvdrw9wjf6gtqnqf68qt,https://ahs.uic.edu/inside-ahs/news-stories/call-for-faculty-submissions-of-external-awards/,,,,,Skipped: Box access failed - Box file is not a PDF,
PDF,News (ACF Field),Statement of recent Supreme Court decision (Field: intro_text_body),https://www.supremecourt.gov/opinions/22pdf/20-1199_hgdj.pdf,https://ahs.uic.edu/inside-ahs/news-stories/statement-of-recent-supreme-court-decision/,1714906.0,237.0,True,True,StructTreeRoot tag found,
PDF,News (ACF Field),2023 spring AHS College Meeting recording and slides available (Field: intro_text_body),https://cms.ahs.uic.edu/inside-ahs/wp-content/uploads/sites/12/2023/05/State-of-the-College-Spring-2023-draft-10.pdf,https://ahs.uic.edu/inside-ahs/news-stories/2023-spring-ahs-college-meeting-recording-and-slides-available/,9270939.0,94.0,True,False,No StructTreeRoot tag,
Box,News (ACF Field),Changes to campus COVID-19 policies and guidelines (Field: intro_text_body),https://uofi.box.com/s/izc9i8l2gkm13ng1d8h02jb1amju8f3m,https://ahs.uic.edu/inside-ahs/news-stories/changes-to-campus-covid-19-policies-and-guidelines/,,,,,"Skipped: Box access failed - Message: Not Found
Status: 404
Code: not_found
Request ID: 96sdkzi2uke5ijnz
Headers: {'date': 'Fri, 27 Jun 2025 20:49:52 GMT', 'content-type': 'application/json', 'x-envoy-upstream-service-time': '192', 'box-request-id': '0da3fd578fa1cb53be81b2957359ad618', 'cache-control': 'no-cache, no-store', 'strict-transport-security': 'max-age=31536000', 'via': '1.1 google', 'Alt-Svc': 'h3="":443""; ma=2592000,h3-29="":443""; ma=2592000', 'Transfer-Encoding': 'chunked'}
URL: https://api.box.com/2.0/shared_items
Method: GET
Context Info: None",
PDF,News (ACF Field),Proposed changes to the AHS Bylaws of the Faculty (Field: intro_text_body),https://cms.ahs.uic.edu/inside-ahs/wp-content/uploads/sites/12/2017/05/College-Bylaws-Revision-Approved-December-16-2015-2016-Editorial-Change.pdf,https://ahs.uic.edu/inside-ahs/news-stories/proposed-changes-to-the-ahs-bylaws-of-the-faculty/,,,,,Download failed: 404 Client Error: Not Found for url: https://cms.ahs.uic.edu/inside-ahs/wp-content/uploads/sites/12/2017/05/College-Bylaws-Revision-Approved-December-16-2015-2016-Editorial-Change.pdf,
PDF,News (ACF Field),Call for Nominations: 2023 AHS Staff Award of Merit (Field: intro_text_body),https://cms.ahs.uic.edu/inside-ahs/wp-content/uploads/sites/12/2023/04/AHSAwardofMerit_NominationForm_2023_F76-3.pdf,https://ahs.uic.edu/inside-ahs/news-stories/call-for-nominations-2023-ahs-staff-award-of-merit/,345395.0,1.0,True,False,No StructTreeRoot tag,
PDF,News (ACF Field),Margaret Czart and Dick Lui are co-authors of paper published in Advances in Cancer Research &amp; Clinical Imaging (Field: intro_text_body),https://irispublishers.com/acrci/pdf/ACRCI.MS.ID.000575.pdf,https://ahs.uic.edu/inside-ahs/news-stories/margaret-czart-and-dick-lui-are-co-authors-of-paper-published-in-advances-in-cancer-research-clinical-imaging/,428555.0,5.0,True,True,StructTreeRoot tag found,
PDF,News (ACF Field),Promotional toolkit for the 14th annual AHS Alumni Chat (Field: intro_text_body),https://emails.uofi.uic.edu/files/41/1719943141/alumnichatflyer_compressed.pdf,https://ahs.uic.edu/inside-ahs/news-stories/promotional-toolkit-for-the-14th-annual-ahs-alumni-chat/,,,,,Download failed: 404 Client Error: Not Found for url: https://emails.uofi.uic.edu/files/41/1719943141/alumnichatflyer_compressed.pdf,
Box,News (ACF Field),Promotional toolkit for the 14th annual AHS Alumni Chat (Field: intro_text_body),https://uofi.box.com/s/14obwv98j8uvqs9istky7t1ww6xdyu9w,https://ahs.uic.edu/inside-ahs/news-stories/promotional-toolkit-for-the-14th-annual-ahs-alumni-chat/,,,,,Skipped: Box access failed - Box item is not a file,
PDF,News (ACF Field),Viviana Kabbabe-Thompson is author of article in the National Association of Advisors for the Health Professions (Field: intro_text_body),https://cms.ahs.uic.edu/inside-ahs/wp-content/uploads/sites/12/2023/01/TheAdvisorDec2022_42-4-12.pdf,https://ahs.uic.edu/inside-ahs/news-stories/viviana-kabbabe-thompson-is-author-of-article-in-the-national-association-of-advisors-for-the-health-professions/,57897.0,2.0,True,True,StructTreeRoot tag found,
Box,News (ACF Field),Global Engagement Faculty Award: Call for nominations (Field: intro_text_body),https://uofi.app.box.com/s/fcmh2s1pksbxp4jsr8ofwaqab5hx18n2,https://ahs.uic.edu/inside-ahs/news-stories/global-engagement-faculty-award-call-for-nominations/,143524.0,2.0,True,True,StructTreeRoot tag found,
Box,News (ACF Field),Global Engagement Faculty Award: Call for nominations (Field: intro_text_body),https://uofi.app.box.com/s/fcmh2s1pksbxp4jsr8ofwaqab5hx18n2</a>.,https://ahs.uic.edu/inside-ahs/news-stories/global-engagement-faculty-award-call-for-nominations/,,,,,"Skipped: Box access failed - Message: Not Found
Status: 404
Code: not_found
Request ID: iewvcoi2uke8jlka
Headers: {'date': 'Fri, 27 Jun 2025 20:49:57 GMT', 'content-type': 'application/json', 'x-envoy-upstream-service-time': '136', 'box-request-id': '0525ba2357dc81a1b25261e42969111de', 'cache-control': 'no-cache, no-store', 'strict-transport-security': 'max-age=31536000', 'via': '1.1 google', 'Alt-Svc': 'h3="":443""; ma=2592000,h3-29="":443""; ma=2592000', 'Transfer-Encoding': 'chunked'}
URL: https://api.box.com/2.0/shared_items
Method: GET
Context Info: None",
PDF,News (ACF Field),Fall 2022 AHS College Meeting recording and slides available (Field: intro_text_body),https://cms.ahs.uic.edu/inside-ahs/wp-content/uploads/sites/12/2022/12/Fall-2022-Mtg-Whole-Presentation.pdf,https://ahs.uic.edu/inside-ahs/news-stories/fall-2022-ahs-college-meeting-recording-and-slides-available/,7684932.0,58.0,True,False,No StructTreeRoot tag,
PDF,News (ACF Field),Kharma Foucher presents at the University of Rochester Center for Musculoskeletal Research (Field: intro_text_body),https://www.urmc.rochester.edu/MediaLibraries/URMCMedia/musculoskeletal-research/documents/Kharma-Foucher-Flyer.pdf,https://ahs.uic.edu/inside-ahs/news-stories/kharma-foucher-presents-at-the-university-of-rochester-center-for-musculoskeletal-research/,5667109.0,1.0,True,False,No StructTreeRoot tag,
PDF,News (ACF Field),American Cancer Society Institutional Research Grant pilot project program request for applications (Field: intro_text_body),https://cancer.uillinois.edu/wp-content/uploads/2022/11/ACS-IRG-pilot-grant-RFA-2.pdf,https://ahs.uic.edu/inside-ahs/news-stories/american-cancer-society-institutional-research-grant-pilot-project-program-request-for-applications/,,,,,"Download failed: ('Connection aborted.', RemoteDisconnected('Remote end closed connection without response'))",
Box,News (ACF Field),COVID-19 post-exposure protocol change (Field: intro_text_body),https://uofi.box.com/s/qqurkdl7xiuz1luk0q1w81buucfklx2x,https://ahs.uic.edu/inside-ahs/news-stories/covid-19-post-exposure-protocol-change/,,,,,Skipped: Box access failed - Box item is not a file,
PDF,News (ACF Field),Beth Marks and Jasmina Sisirak publish &#8216;Nurses with Disability: Transforming Healthcare for All&#8217; (Field: intro_text_body),https://cms.ahs.uic.edu/inside-ahs/wp-content/uploads/sites/12/2022/10/nurses-with-disability-abstract.pdf,https://ahs.uic.edu/inside-ahs/news-stories/beth-marks-and-jasmina-sisirak-publish-nurses-with-disability-transforming-healthcare-for-all/,125367.0,1.0,True,True,StructTreeRoot tag found,
PDF,News (ACF Field),Promote your event on the AHS website (Field: intro_text_body),https://cms.ahs.uic.edu/inside-ahs/wp-content/uploads/sites/12/2022/10/Promote-events-on-AHS-website-flowchart-final.pdf,https://ahs.uic.edu/inside-ahs/news-stories/promote-your-event-on-the-ahs-website/,50070.0,1.0,True,True,StructTreeRoot tag found,
Box,News (ACF Field),Promotional tool kit for October health Career related programing (Field: intro_text_body),https://uofi.box.com/s/s280pgb07v1juwseahylnxw82aegnkj5,https://ahs.uic.edu/inside-ahs/news-stories/promotional-tool-kit-for-october-health-career-related-programing/,,,,,Skipped: Box access failed - Box item is not a file,
Box,News (ACF Field),External awards: Campus wants to hear from you (Field: intro_text_body),https://uofi.box.com/s/we4b1pihyxw0rub03di7mzmxbk67v04i,https://ahs.uic.edu/inside-ahs/news-stories/external-awards-campus-wants-to-hear-from-you/,91210.0,1.0,True,True,StructTreeRoot tag found,
Box,News (ACF Field),Promotional tool kit for AHS Fall Kickoff (Field: intro_text_body),https://uofi.box.com/s/r70tjtogz64oxc9z7arpxx2did24wik5,https://ahs.uic.edu/inside-ahs/news-stories/promotional-tool-kit-for-ahs-fall-kickoff/,,,,,Skipped: Box access failed - Box item is not a file,
Box,News (ACF Field),Final report of the AHS Culture and Climate Survey is now available (Field: intro_text_body),https://uofi.box.com/s/vz7btdhrcci9yrwiop865b1gcqqzrnt0,https://ahs.uic.edu/inside-ahs/news-stories/final-report-of-the-ahs-culture-and-climate-survey-is-now-available/,,,,,"Skipped: Box access failed - Message: Not Found
Status: 404
Code: not_found
Request ID: ax2euzi2ukedjsub
Headers: {'date': 'Fri, 27 Jun 2025 20:50:05 GMT', 'content-type': 'application/json', 'x-envoy-upstream-service-time': '163', 'box-request-id': '1bc8356c1b23c955afbf12b617b060aa9', 'cache-control': 'no-cache, no-store', 'strict-transport-security': 'max-age=31536000', 'via': '1.1 google', 'Alt-Svc': 'h3="":443""; ma=2592000,h3-29="":443""; ma=2592000', 'Transfer-Encoding': 'chunked'}
URL: https://api.box.com/2.0/shared_items
Method: GET
Context Info: None",
PDF,News (ACF Field),Andrew Boyd helps organize 2022 Clinical Informatics Morocco (Field: intro_text_body),https://cms.ahs.uic.edu/biomedical-health-information-sciences/wp-content/uploads/sites/4/2022/05/2022-Health-Informatics-Morocco-agenda.pdf,https://ahs.uic.edu/inside-ahs/news-stories/andrew-boyd-helps-organize-2022-clinical-informatics-morocco/,195189.0,3.0,True,True,StructTreeRoot tag found,
Box,News (ACF Field),Devika Salunke places second in Dr. Gary Kruh Research Symposium and Poster Competition (Field: intro_text_body),https://uofi.app.box.com/s/0sit5h8k2el0li76sk3fsxdfv5zdc33z/file/944812758980,https://ahs.uic.edu/inside-ahs/news-stories/devika-salunke-places-second-in-dr-gary-kruh-research-symposium-and-poster-competition/,,,,,"Skipped: Box access failed - Message: Not Found
Status: 404
Code: not_found
Request ID: mxeqn8i2ukee0oih
Headers: {'date': 'Fri, 27 Jun 2025 20:50:06 GMT', 'content-type': 'application/json', 'x-envoy-upstream-service-time': '151', 'box-request-id': '1713bcd7f733774d7d86cf1c466ee8f53', 'cache-control': 'no-cache, no-store', 'strict-transport-security': 'max-age=31536000', 'via': '1.1 google', 'Alt-Svc': 'h3="":443""; ma=2592000,h3-29="":443""; ma=2592000', 'Transfer-Encoding': 'chunked'}
URL: https://api.box.com/2.0/shared_items
Method: GET
Context Info: None",
PDF,News (ACF Field),AHS Inclusive Excellence Task Force Subcommittee on Holistic Admissions releases cross-departmental recommendations (Field: intro_text_body),https://cms.ahs.uic.edu/inside-ahs/wp-content/uploads/sites/12/2022/03/2022.03.09-Holistic-Admissions_Cross-Dept-Recs.pdf,https://ahs.uic.edu/inside-ahs/news-stories/ahs-inclusive-excellence-task-force-subcommittee-on-holistic-admissions-releases-cross-departmental-recommendations/,87504.0,1.0,True,True,StructTreeRoot tag found,
PDF,News (ACF Field),Matthew Janicki co-authors report on aging and IDD (Field: intro_text_body),https://cms.ahs.uic.edu/inside-ahs/wp-content/uploads/sites/12/2022/02/Examining-neuroatypical-adults-CIA-FINAL_MJ-1.pdf,https://ahs.uic.edu/inside-ahs/news-stories/matthew-janicki-co-authors-report-on-aging-and-idd/,1298445.0,127.0,True,True,StructTreeRoot tag found,
PDF,News (ACF Field),Article by OT team published in The Communiqué (Field: intro_text_body),https://cms.ahs.uic.edu/occupational-therapy/wp-content/uploads/sites/3/2022/02/ILOTA-Communique-OCT-NOV-DEC-2021-Final.pdf,https://ahs.uic.edu/inside-ahs/news-stories/article-by-ot-team-published-in-the-communique/,296840.0,7.0,True,False,No StructTreeRoot tag,
PDF,News (ACF Field),3Arts Disability Culture Leadership Initiative (DCLI) expands to advance advocacy (Field: intro_text_body),https://cms.ahs.uic.edu/inside-ahs/wp-content/uploads/sites/12/2022/01/FOR-IMMEDIATE-RELEASE_3Arts-Expands-Disability-Culture-Leadership-Initiative_FINAL.pdf,https://ahs.uic.edu/inside-ahs/news-stories/3arts-disability-culture-leadership-initiative-dcli-expands-to-advance-advocacy/,293361.0,3.0,True,True,StructTreeRoot tag found,
PDF,News (ACF Field),Announcement: A note from the AHS webmaster (Field: intro_text_body),https://cms.ahs.uic.edu/inside-ahs/wp-content/uploads/sites/12/2023/07/Webmaster-Flowchart.pdf,https://ahs.uic.edu/inside-ahs/news-stories/announcement-a-note-from-the-ahs-webmaster/,49697.0,1.0,True,True,StructTreeRoot tag found,
PDF,News (ACF Field),Piper Hansen is lead author of paper published in the Journal of Acute Care Occupational Therapy (Field: intro_text_body),https://jacotorg.files.wordpress.com/2021/08/jacot_manuscript_summer-2021_acute-care-collaborative-model.pdf,https://ahs.uic.edu/inside-ahs/news-stories/piper-hansen-is-lead-author-of-paper-published-in-the-journal-of-acute-care-occupational-therapy/,345530.0,26.0,True,True,StructTreeRoot tag found,
PDF,News (ACF Field),Flyers about eating and drinking indoors during COVID-19 (Field: intro_text_body),https://cms.ahs.uic.edu/inside-ahs/wp-content/uploads/sites/12/2021/08/COVID-eating-rules-clasroom.pdf,https://ahs.uic.edu/inside-ahs/news-stories/flyers-about-eating-and-drinking-indoors-during-covid-19/,98846.0,1.0,True,True,StructTreeRoot tag found,
PDF,News (ACF Field),Flyers about eating and drinking indoors during COVID-19 (Field: intro_text_body),https://cms.ahs.uic.edu/inside-ahs/wp-content/uploads/sites/12/2021/08/COVID-eating-rules-public-areas.pdf,https://ahs.uic.edu/inside-ahs/news-stories/flyers-about-eating-and-drinking-indoors-during-covid-19/,100381.0,1.0,True,True,StructTreeRoot tag found,
Box,News (ACF Field),Reminders and resources for students as we transition back to campus (Field: intro_text_body),https://uofi.app.box.com/s/fo0lw6g1etfzv4f7gjhg0tddy7zsv57x,https://ahs.uic.edu/inside-ahs/news-stories/reminders-and-resources-for-students-as-we-transition-back-to-campus/,578831.0,6.0,True,True,StructTreeRoot tag found,
Box,News (ACF Field),Donate office supplies to the Great Stuff Exchange (Field: intro_text_body),https://uofi.app.box.com/s/8jdfx21s1mlkbmn0pvfohj700y3thtmd,https://ahs.uic.edu/inside-ahs/news-stories/donate-office-supplies-to-the-great-stuff-exchange/,,,,,Skipped: Box access failed - Box file is not a PDF,
PDF,News (ACF Field),Shane Phillips and Shayna Oshita members of team awarded $14 million in funding to improve health care in Chicago&#8217;s South and West Sides (Field: intro_text_body),https://www.illinois.gov/hfs/Documents/TARGET%20Health_Application.pdf,https://ahs.uic.edu/inside-ahs/news-stories/shane-phillips-and-shayna-oshita-members-of-team-awarded-14-million-in-funding-to-improve-health-care-in-chicagos-south-and-west-sides/,,,,,Download failed: Not a PDF based on Content-Type,
PDF,News (ACF Field),UICPT team publishes article on healthy living and social justice in the Journal of Cardiopulmonary Rehabilitation and Prevention (Field: intro_text_body),https://cms.ahs.uic.edu/inside-ahs/wp-content/uploads/sites/12/2021/04/2021.05.01-Healthy_Living_and_Social_Justice-HL-PIVOT.pdf,https://ahs.uic.edu/inside-ahs/news-stories/uicpt-team-publishes-article-on-healthy-living-and-social-justice-in-the-journal-of-cardiopulmonary-rehabilitation-and-prevention/,4816416.0,2.0,True,False,No StructTreeRoot tag,
PDF,News (ACF Field),Great Lakes ADA Center and the Metropolitan Planning Council publish report on ADA transition plans in the Chicago region (Field: intro_text_body),https://www.metroplanning.org/uploads/cms/documents/ensemblemedia_mpc_adatransitionplanreport_compliant.pdf,https://ahs.uic.edu/inside-ahs/news-stories/great-lakes-ada-center-and-the-metropolitan-planning-council-publish-report-on-ada-transition-plans-in-the-chicago-region/,,,,,Download failed: 403 Client Error: Forbidden for url: https://www.metroplanning.org/uploads/cms/documents/ensemblemedia_mpc_adatransitionplanreport_compliant.pdf,
PDF,News (ACF Field),Health Humanities Portrait Project website is live (Field: intro_text_body),https://cms.ahs.uic.edu/inside-ahs/wp-content/uploads/sites/12/2018/01/AHS-NEH-Press-Release-.pdf,https://ahs.uic.edu/inside-ahs/news-stories/health-humanities-portrait-project-website-is-live/,102307.0,1.0,True,False,No StructTreeRoot tag,
PDF,News (ACF Field),UI Health Research Registry is now live (Field: intro_text_body),https://ccts.uic.edu/wp-content/uploads/sites/569/2021/02/CCTS-Registry-Style-Guide_v2021.pdf,https://ahs.uic.edu/inside-ahs/news-stories/ui-health-research-registry-is-now-live/,171194.0,2.0,True,False,No StructTreeRoot tag,
Box,News (ACF Field),publish.uic.edu service ending December 31 (Field: intro_text_body),https://uofi.app.box.com/v/Publish-Sites,https://ahs.uic.edu/inside-ahs/news-stories/publish-uic-edu-service-ending-december-31/,,,,,Skipped: Box access failed - Box file is not a PDF,
PDF,News (ACF Field),Susan Magasi and Robin Jones among authors of policy brief published by the Society of Behavioral Medicine (Field: intro_text_body),https://www.sbm.org/UserFiles/image/MDE-brief20-v2-HIRES.pdf?fbclid=IwAR3-34C-vrhCvgNWIguK6H7GU14u5Gb5KfCQC-SRzqzS1jFjbijjlvNJjJo,https://ahs.uic.edu/inside-ahs/news-stories/susan-magasi-and-robin-jones-among-authors-of-policy-brief-published-by-the-society-of-behavioral-medicine/,,,,,Skipped: Not a PDF link,
PDF,News (ACF Field),Angela Odoms-Young featured in the September issue of Shape (Field: intro_text_body),https://cms.ahs.uic.edu/inside-ahs/wp-content/uploads/sites/12/2020/09/Dr.-Angela-Odoms-Young.Shape-September-2020.pdf,https://ahs.uic.edu/inside-ahs/news-stories/angela-odoms-young-featured-in-the-september-issue-of-shape/,673147.0,1.0,True,True,StructTreeRoot tag found,
PDF,News (ACF Field),"Eduardo Bustamante is lead author of new paper published in the Journal of Best Practices in Health Professions Diversity: Education, Research &amp; Policy (Field: intro_text_body)",https://cms.ahs.uic.edu/inside-ahs/wp-content/uploads/sites/12/2020/09/Harnessing-Mentorship-to-Diversify-Organizational-Leadership.pdf,https://ahs.uic.edu/inside-ahs/news-stories/eduardo-bustamante-is-lead-author-of-new-paper-published-in-the-journal-of-best-practices-in-health-professions-diversity-education-research-policy/,755475.0,16.0,True,False,No StructTreeRoot tag,
PDF,News (ACF Field),Update on UIC brand refresh and new template (Field: intro_text_body),https://cms.ahs.uic.edu/inside-ahs/wp-content/uploads/sites/12/2020/08/UIC_Brand-Identity-at-a-Glance_08202020_v2.pdf,https://ahs.uic.edu/inside-ahs/news-stories/update-on-uic-brand-refresh-and-new-template/,123992.0,1.0,True,True,StructTreeRoot tag found,
Box,News (ACF Field),Update on UIC brand refresh and new template (Field: intro_text_body),https://app.box.com/s/absldfe5svaf37o3243o8nhnmj2r7ss8,https://ahs.uic.edu/inside-ahs/news-stories/update-on-uic-brand-refresh-and-new-template/,,,,,Skipped: Box access failed - Box file is not a PDF,
Box,News (ACF Field),Update on UIC brand refresh and new template (Field: intro_text_body),https://app.box.com/s/absldfe5svaf37o3243o8nhnmj2r7ss8</a>,https://ahs.uic.edu/inside-ahs/news-stories/update-on-uic-brand-refresh-and-new-template/,,,,,"Skipped: Box access failed - Message: Not Found
Status: 404
Code: not_found
Request ID: 1q1f2i2uker0qvp
Headers: {'date': 'Fri, 27 Jun 2025 20:50:26 GMT', 'content-type': 'application/json', 'x-envoy-upstream-service-time': '139', 'box-request-id': '11076ae29a33b23248d0ff289a3bad04a', 'cache-control': 'no-cache, no-store', 'strict-transport-security': 'max-age=31536000', 'via': '1.1 google', 'Alt-Svc': 'h3="":443""; ma=2592000,h3-29="":443""; ma=2592000', 'Transfer-Encoding': 'chunked'}
URL: https://api.box.com/2.0/shared_items
Method: GET
Context Info: None",
PDF,News (ACF Field),David Marquez is appointed to the UsAgainstAlzheimer’s Center for Brain Health Equity Advisory Council (Field: intro_text_body),https://www.usagainstalzheimers.org/sites/default/files/2020-08/center_one_pager_8.13.20_v2%20%281%29.pdf,https://ahs.uic.edu/inside-ahs/news-stories/david-marquez-is-appointed-to-the-usagainstalzheimers-center-for-brain-health-equity-advisory-council/,170627.0,2.0,True,False,No StructTreeRoot tag,
PDF,News (ACF Field),ASAP&#8217;s plan to support AHS undergraduate students during the 2020 fall semester (Field: intro_text_body),https://files.webservices.illinois.edu/9086/tipsfortransitioningtoviturallearning.pdf,https://ahs.uic.edu/inside-ahs/news-stories/asaps-plan-to-support-ahs-undergraduate-students-during-the-2020-fall-semester/,,,,,Download failed: 403 Client Error: Forbidden for url: https://files.webservices.illinois.edu/9086/tipsfortransitioningtoviturallearning.pdf,
PDF,News (ACF Field),ASAP&#8217;s plan to support AHS undergraduate students during the 2020 fall semester (Field: intro_text_body),https://files.webservices.illinois.edu/9085/blackboardcollaboratecheatsheet.pdf,https://ahs.uic.edu/inside-ahs/news-stories/asaps-plan-to-support-ahs-undergraduate-students-during-the-2020-fall-semester/,,,,,Download failed: 403 Client Error: Forbidden for url: https://files.webservices.illinois.edu/9085/blackboardcollaboratecheatsheet.pdf,
Box,News (ACF Field),Message to AHS faculty and staff re. AHS and phase three (Field: intro_text_body),https://uofi.app.box.com/s/wu8xd2k8sdfutralllr84vhtxbop2qe9,https://ahs.uic.edu/inside-ahs/news-stories/message-to-ahs-faculty-and-staff-re-ahs-and-phase-three/,1303889.0,13.0,True,False,No StructTreeRoot tag,
Box,News (ACF Field),Creating a healthy environment while working from home (Field: intro_text_body),https://app.box.com/s/1qzghwef8ssj2m1tv9k5f1jfzlzopquw,https://ahs.uic.edu/inside-ahs/news-stories/creating-a-healthy-environment-while-working-from-home/,,,,,Skipped: Box access failed - Box item is not a file,
PDF,News (ACF Field),Draft of AHS Community Program Inventory released (Field: intro_text_body),https://cms.ahs.uic.edu/inside-ahs/wp-content/uploads/sites/12/2020/05/AHS-community-programs-April-2020-v1.pdf,https://ahs.uic.edu/inside-ahs/news-stories/draft-of-ahs-community-program-inventory-released/,807624.0,3.0,True,False,No StructTreeRoot tag,
PDF,News (ACF Field),Richard Severin is lead author of new paper published in Physical Therapy (Field: intro_text_body),https://ipl.ahslabs.uic.edu/wp-content/uploads/sites/2/2013/09/ASabbahi_cv.pdf,https://ahs.uic.edu/inside-ahs/news-stories/richard-severin-is-lead-author-of-new-paper-published-in-physical-therapy/,,,,,"Download failed: HTTPSConnectionPool(host='ipl.ahslabs.uic.edu', port=443): Max retries exceeded with url: /wp-content/uploads/sites/2/2013/09/ASabbahi_cv.pdf (Caused by SSLError(SSLCertVerificationError(1, '[SSL: CERTIFICATE_VERIFY_FAILED] certificate verify failed: unable to get local issuer certificate (_ssl.c:1028)')))",
PDF,News (ACF Field),Live chat support available to AHS students (Field: intro_text_body),https://cms.ahs.uic.edu/inside-ahs/wp-content/uploads/sites/12/2020/03/2020.03.27-AHS-Student-Resource-Quick-Link-List.pdf,https://ahs.uic.edu/inside-ahs/news-stories/live-chat-support-available-to-ahs-students/,213923.0,1.0,True,True,StructTreeRoot tag found,
PDF,News (ACF Field),OTD students create COVID-19 fact sheet for Spanish speakers (Field: intro_text_body),https://cms.ahs.uic.edu/inside-ahs/wp-content/uploads/sites/12/2020/03/How-to-protect-yourself-from-COVID-19-fact-sheet-Spanish.pdf,https://ahs.uic.edu/inside-ahs/news-stories/otd-students-create-covid-19-fact-sheet-for-spanish-speakers/,1817035.0,2.0,True,False,No StructTreeRoot tag,
PDF,News (ACF Field),Campus quick reference resource list for AHS students (Field: intro_text_body),https://cms.ahs.uic.edu/inside-ahs/wp-content/uploads/sites/12/2020/03/2020.03.20-Campus-quick-resource-reference-list-for-students-from-the-AHS-Office-of-Student-Affairs.pdf,https://ahs.uic.edu/inside-ahs/news-stories/campus-quick-reference-resource-list-for-ahs-students/,170510.0,2.0,True,True,StructTreeRoot tag found,
PDF,News (ACF Field),Resources from the UIC Program for Healthcare Justice for People with Disabilities (Field: intro_text_body),https://cms.ahs.uic.edu/inside-ahs/wp-content/uploads/sites/12/2020/03/2020.03.20-Working-with-Your-Personal-Attendant-to-Keep-you-Safe-from-Coronavirus-fact-sheet.pdf,https://ahs.uic.edu/inside-ahs/news-stories/resources-from-the-uic-program-for-healthcare-justice-for-people-with-disabilities/,244123.0,2.0,True,True,StructTreeRoot tag found,
PDF,News (ACF Field),Resources from the UIC Program for Healthcare Justice for People with Disabilities (Field: intro_text_body),https://cms.ahs.uic.edu/inside-ahs/wp-content/uploads/sites/12/2020/03/2020.03.20-Resources-during-COVID-19-from-PHJPD.pdf,https://ahs.uic.edu/inside-ahs/news-stories/resources-from-the-uic-program-for-healthcare-justice-for-people-with-disabilities/,701582.0,3.0,True,True,StructTreeRoot tag found,
Box,News (ACF Field),Transitioning to online teaching at AHS (Field: intro_text_body),https://uofi.app.box.com/s/39x6jxlqptj8dum88qqo4c4z4uo9881g,https://ahs.uic.edu/inside-ahs/news-stories/transitioning-to-online-teaching-at-ahs/,596646.0,3.0,True,True,StructTreeRoot tag found,
PDF,News (ACF Field),A message re. COVID-19 and research participants from Dean Bo Fernhall (Field: intro_text_body),https://cms.ahs.uic.edu/inside-ahs/wp-content/uploads/sites/12/2020/03/2020.03.13-research-participant-telephone-screening-script-FINAL-1.pdf,https://ahs.uic.edu/inside-ahs/news-stories/a-message-re-covid-19-and-research-participants-from-dean-bo-fernhall/,194048.0,1.0,True,True,StructTreeRoot tag found,
PDF,News (ACF Field),A message re. COVID-19 and research participants from Dean Bo Fernhall (Field: intro_text_body),https://cms.ahs.uic.edu/inside-ahs/wp-content/uploads/sites/12/2020/03/2020.03.13-Positive-Screening-for-COVID-19-Log.pdf,https://ahs.uic.edu/inside-ahs/news-stories/a-message-re-covid-19-and-research-participants-from-dean-bo-fernhall/,93686.0,2.0,True,True,StructTreeRoot tag found,
PDF,News (ACF Field),COVID-19 update for AHS faculty and staff from Dean Fernhall (Field: intro_text_body),https://cms.ahs.uic.edu/inside-ahs/wp-content/uploads/sites/12/2020/03/COVID-19-resource-list-for-AHS-faculty-and-staff-FINAL.pdf,https://ahs.uic.edu/inside-ahs/news-stories/covid-19-update-for-ahs-faculty-and-staff-from-dean-fernhall/,160350.0,1.0,True,True,StructTreeRoot tag found,
PDF,News (ACF Field),COVID-19 update for AHS faculty and staff from Dean Fernhall (Field: intro_text_body),https://cms.ahs.uic.edu/inside-ahs/wp-content/uploads/sites/12/2020/03/COVID-19-guidelines-for-AHS-instructors-FINAL-1.pdf,https://ahs.uic.edu/inside-ahs/news-stories/covid-19-update-for-ahs-faculty-and-staff-from-dean-fernhall/,233220.0,4.0,True,True,StructTreeRoot tag found,
PDF,News (ACF Field),Philip Clifford delivers Mentoring Week keynote presentation at the University of Alabama at Birmingham (Field: intro_text_body),https://www.uab.edu/postdocs/images/flyers/2020_Mentoring_Week.pdf,https://ahs.uic.edu/inside-ahs/news-stories/philip-clifford-delivers-mentoring-week-keynote-presentation-at-the-university-of-alabama-at-birmingham/,,,,,Download failed: 404 Client Error: Not Found for url: https://www.uab.edu/postdocs/images/flyers/2020_Mentoring_Week.pdf,
PDF,News (ACF Field),The DHD 2019 Annual Report is now available (Field: intro_text_body),https://cms.ahs.uic.edu/inside-ahs/wp-content/uploads/sites/12/2019/11/FINAL_DHD2019_AnnualReport.pdf,https://ahs.uic.edu/inside-ahs/news-stories/the-dhd-2019-annual-report-is-now-available/,6091478.0,16.0,True,True,StructTreeRoot tag found,
PDF,News (ACF Field),Andrew Boyd is quoted in August 2019 issue of Chicago Medicine (Field: intro_text_body),http://www.cmsdocs.org/news-publications/chicago-medicine-magazine/2019-issues/August2019Issue.pdf,https://ahs.uic.edu/inside-ahs/news-stories/andrew-boyd-is-quoted-in-august-2019-issue-of-chicago-medicine/,,,,,Download failed: 404 Client Error: Not Found for url: https://www.cmsdocs.org/news-publications/chicago-medicine-magazine/2019-issues/August2019Issue.pdf,
PDF,News (ACF Field),1 Week Left to Apply for CCTS Pilot Grant! (Field: intro_text_body),https://www.cityofchicago.org/content/dam/city/depts/cdph/CDPH/Healthy%20Chicago/HC2.0Upd4152016.pdf,https://ahs.uic.edu/inside-ahs/news-stories/1-week-left-to-apply-for-ccts-pilot-grant/,16088957.0,86.0,True,False,No StructTreeRoot tag,
PDF,News (ACF Field),1 Week Left to Apply for CCTS Pilot Grant! (Field: intro_text_body),http://www.ccts.uic.edu/sites/default/files/uploads/FY19-20%20LOI%20Guidelines.pdf,https://ahs.uic.edu/inside-ahs/news-stories/1-week-left-to-apply-for-ccts-pilot-grant/,,,,,"Download failed: HTTPSConnectionPool(host='www.ccts.uic.edu', port=443): Max retries exceeded with url: /sites/default/files/uploads/FY19-20%20LOI%20Guidelines.pdf (Caused by SSLError(SSLCertVerificationError(1, '[SSL: CERTIFICATE_VERIFY_FAILED] certificate verify failed: unable to get local issuer certificate (_ssl.c:1028)')))",
PDF,News (ACF Field),Career development award opportunity for junior faculty in health research (Field: intro_text_body),http://www.ccts.uic.edu/sites/default/files/uploads/KL2%20RFA_2019.pdf,https://ahs.uic.edu/inside-ahs/news-stories/career-development-award-opportunity-for-junior-faculty-in-health-research/,,,,,"Download failed: HTTPSConnectionPool(host='www.ccts.uic.edu', port=443): Max retries exceeded with url: /sites/default/files/uploads/KL2%20RFA_2019.pdf (Caused by SSLError(SSLCertVerificationError(1, '[SSL: CERTIFICATE_VERIFY_FAILED] certificate verify failed: unable to get local issuer certificate (_ssl.c:1028)')))",
PDF,News (ACF Field),Publication available: Nili R. Broyer co-writes article in Journal of Gender and Feminism (Field: intro_text_body),http://blogdebate.org/gender/journal/wp-content/uploads/2018/12/%D7%A1%D7%9C%D7%91%D7%94-%D7%92%D7%A8%D7%99%D7%A0%D7%91%D7%A8%D7%92-%D7%95%D7%A0%D7%99%D7%9C%D7%99-%D7%91%D7%A8%D7%95%D7%99%D7%90%D7%A8-%D7%90%D7%97%D7%A8%D7%99-%D7%A2%D7%99%D7%9E%D7%95%D7%93-18.11.18.pdf,https://ahs.uic.edu/inside-ahs/news-stories/publication-available-nili-r-broyer-co-writes-article-in-journal-of-gender-and-feminism/,,,,,Download failed: 404 Client Error: Not Found for url: http://blogdebate.org/gender/journal/wp-content/uploads/2018/12/%D7%A1%D7%9C%D7%91%D7%94-%D7%92%D7%A8%D7%99%D7%A0%D7%91%D7%A8%D7%92-%D7%95%D7%A0%D7%99%D7%9C%D7%99-%D7%91%D7%A8%D7%95%D7%99%D7%90%D7%A8-%D7%90%D7%97%D7%A8%D7%99-%D7%A2%D7%99%D7%9E%D7%95%D7%93-18.11.18.pdf,
PDF,News (ACF Field),2018 AHS Annual Report (Field: intro_text_body),https://cms.ahs.uic.edu/wp-content/uploads/2018/10/2018-AHS-Annual-Report-FINAL-PDF.pdf,https://ahs.uic.edu/inside-ahs/news-stories/2018-ahs-annual-report/,17357786.0,20.0,True,True,StructTreeRoot tag found,
PDF,News (ACF Field),Fabricio Balcazar authors Boston University Center for Psychiatric Rehabilitation newsletter (Field: intro_text_body),https://cpr.bu.edu/app/uploads/2018/08/Self-Employment-08-16-18SM.pdf,https://ahs.uic.edu/inside-ahs/news-stories/fabricio-balcazar-authors-boston-university-center-for-psychiatric-rehabilitation-newsletter/,,,,,Download failed: 404 Client Error: Not Found for url: https://cpr.bu.edu/wp-content/uploads/2018/08/Self-Employment-08-16-18SM.pdf,
PDF,News (ACF Field),Publication available: Craig Horswill collaborates with recent AHS alumni for International Journal of Wrestling Science article (Field: intro_text_body),http://inwr-wrestling.com/wp-content/uploads/2018/08/DEFINING-THE-WRESTLER%E2%80%99S-BODY-%E2%80%93-APPROPRIATE-MEASURES-FOR.pdf,https://ahs.uic.edu/inside-ahs/news-stories/publication-available-craig-horswill-collaborates-with-recent-ahs-alumni-for-international-journal-of-wrestling-science-article/,,,,,Download failed: 403 Client Error: Forbidden for url: http://inwr-wrestling.com/wp-content/uploads/2018/08/DEFINING-THE-WRESTLER%E2%80%99S-BODY-%E2%80%93-APPROPRIATE-MEASURES-FOR.pdf,
PDF,News (ACF Field),Call for nominations: 2018 UIC Award of Merit (Field: intro_text_body),https://www.hr.uic.edu/UserFiles/Servers/Server_2716/File/d_emp_recog/2018AOMNominationFormCriteriaInstructions.pdf,https://ahs.uic.edu/inside-ahs/news-stories/call-for-nominations-2018-uic-award-of-merit/,,,,,"Download failed: HTTPSConnectionPool(host='www.hr.uic.edu', port=443): Max retries exceeded with url: /UserFiles/Servers/Server_2716/File/d_emp_recog/2018AOMNominationFormCriteriaInstructions.pdf (Caused by SSLError(SSLCertVerificationError(1, '[SSL: CERTIFICATE_VERIFY_FAILED] certificate verify failed: unable to get local issuer certificate (_ssl.c:1028)')))",
PDF,News (ACF Field),UIC CCTS Pilot Grant Program: AY 2018-19 Call for Letters of Intent (Field: intro_text_body),http://www.ccts.uic.edu/sites/default/files/uploads/FY18-19%20LOI%20Guidelines.pdf,https://ahs.uic.edu/inside-ahs/news-stories/uic-ccts-pilot-grant-program-ay-2018-19-call-for-letters-of-intent/,,,,,"Download failed: HTTPSConnectionPool(host='www.ccts.uic.edu', port=443): Max retries exceeded with url: /sites/default/files/uploads/FY18-19%20LOI%20Guidelines.pdf (Caused by SSLError(SSLCertVerificationError(1, '[SSL: CERTIFICATE_VERIFY_FAILED] certificate verify failed: unable to get local issuer certificate (_ssl.c:1028)')))",
PDF,News (ACF Field),HUD publishes findings from a national study co-led by Joy Hammel (Field: intro_text_body),https://www.huduser.gov/portal/sites/default/files/pdf/MentalDisabilities-FinalPaper.pdf,https://ahs.uic.edu/inside-ahs/news-stories/hud-publishes-findings-from-a-national-study-co-led-by-joy-hammel/,2629859.0,73.0,True,True,StructTreeRoot tag found,
PDF,News (ACF Field),2017 DHD annual report released (Field: intro_text_body),https://cms.ahs.uic.edu/disability-human-development/wp-content/uploads/sites/5/2017/12/Annual-Report-2017-Web.pdf,https://ahs.uic.edu/inside-ahs/news-stories/2017-dhd-annual-report-released/,5282752.0,16.0,True,True,StructTreeRoot tag found,
PDF,News (ACF Field),Read the 2017 AHS annual report (Field: intro_text_body),https://cms.ahs.uic.edu/wp-content/uploads/2017/12/2017-AHS-annual-report-FINAL-REPORT.pdf,https://ahs.uic.edu/inside-ahs/news-stories/read-the-2017-ahs-annual-report/,10155138.0,20.0,True,True,StructTreeRoot tag found,
PDF,News (ACF Field),Publication: Meghann O&#8217;Leary authors paper published in Review of Disability Studies: An International Journal (Field: intro_text_body),https://cms.ahs.uic.edu/inside-ahs/wp-content/uploads/sites/12/2017/12/MO-Cripping-Care-PDF.pdf,https://ahs.uic.edu/inside-ahs/news-stories/publication-meghann-oleary-authors-paper-published-in-review-of-disability-studies-an-international-journal/,393777.0,20.0,True,False,No StructTreeRoot tag,
Box,News (ACF Field),"Publication available: Randall Owen, others release report on transitions from SODCs in Illinois (Field: intro_text_body)",https://uofi.app.box.com/v/SODC2017Report,https://ahs.uic.edu/inside-ahs/news-stories/publication-available-randall-owen-others-release-report-on-transitions-from-sodcs-in-illinois/,319232.0,33.0,True,True,StructTreeRoot tag found,
PDF,News (ACF Field),Carrie Sandahl participates in convenings that lead to release of research road map (Field: intro_text_body),https://cms.ahs.uic.edu/inside-ahs/wp-content/uploads/sites/12/2017/09/The-Arts-and-Special-Education-A-Map-for-Research.pdf,https://ahs.uic.edu/inside-ahs/news-stories/carrie-sandahl-participates-in-convenings-that-lead-to-release-of-research-road-map/,1109348.0,9.0,True,True,StructTreeRoot tag found,
PDF,News (ACF Field),CCTS Announces AY17-18 Pilot Grant Funding (Field: intro_text_body),http://www.ccts.uic.edu/sites/default/files/uploads/Fall%202017%20LOI%20Guidelines_1.pdf,https://ahs.uic.edu/inside-ahs/news-stories/ccts-announces-ay17-18-pilot-grant-funding/,,,,,"Download failed: HTTPSConnectionPool(host='www.ccts.uic.edu', port=443): Max retries exceeded with url: /sites/default/files/uploads/Fall%202017%20LOI%20Guidelines_1.pdf (Caused by SSLError(SSLCertVerificationError(1, '[SSL: CERTIFICATE_VERIFY_FAILED] certificate verify failed: unable to get local issuer certificate (_ssl.c:1028)')))",
PDF,News (ACF Field),2016 AHS annual report (Field: intro_text_body),https://cms.ahs.uic.edu/wp-content/uploads/2017/05/AHS_AnnualReport_2016.pdf,https://ahs.uic.edu/inside-ahs/news-stories/2016-ahs-annual-report/,,,,,Download failed: 404 Client Error: Not Found for url: https://cms.ahs.uic.edu/wp-content/uploads/2017/05/AHS_AnnualReport_2016.pdf,
PDF,News (ACF Field),Januszewski and Lukaszewski co-author article for AOTA&#8217;s Special Interes Quarterly (Field: intro_text_body),http://www.aota.org/~/media/Corporate/Files/Secure/Publications/SIS-Quarterly-Newsletters/2017/February/February-2017-SISQPC.pdf,https://ahs.uic.edu/inside-ahs/news-stories/januszewski-and-lukaszewski-co-author-article-for-aotas-special-interes-quarterly/,,,,,Download failed: Not a PDF based on Content-Type,
PDF,Event (ACF Field),"AHS Summer Intent to Graduate Deadline on June 27, 2025 (Field: description)",https://registrar.uic.edu/forms/Diploma-Name-Request-Form.pdf,https://ahs.uic.edu/inside-ahs/events/ahs-summer-intent-to-graduate-deadline-on-june-27-2025/,,,,,Download failed: Not a PDF based on Content-Type,
Box,Event (ACF Field),Spring 2025 Grades due at 5pm (Field: description),https://uofi.app.box.com/s/q7vdz82e10uh8gi812jxnj0pkdfvt8hq,https://ahs.uic.edu/inside-ahs/events/spring-2025-grades-due-at-5pm/,135837.0,2.0,True,True,StructTreeRoot tag found,
Box,Event (ACF Field),Deadline: Piergiorgio L.E. Uslenghi Global Engagement Faculty and Emerging Leader Faculty Awards nominations due (Field: description),https://uofi.app.box.com/s/zdpxlqcjoqhhs5apux9vgft70nfnwzqu,https://ahs.uic.edu/inside-ahs/events/deadline-piergiorgio-l-e-uslenghi-global-engagement-faculty-and-emerging-leader-faculty-awards-nominations-due/,121872.0,2.0,True,True,StructTreeRoot tag found,
PDF,Page (ACF Field),What to Expect (Field: intro_text_body),https://cms.ahs.uic.edu/occupational-therapy/wp-content/uploads/sites/3/2022/08/Brief-Descriptions-of-Entry-Level-OTD-Courses.pdf,https://ahs.uic.edu/academics/occupational-therapy/entry-level-occupational-therapy-doctorate/what-to-expect/,89184.0,4.0,True,False,No StructTreeRoot tag,
PDF,Page (ACF Field),What to Expect (Field: intro_text_body),https://cms.ahs.uic.edu/occupational-therapy/wp-content/uploads/sites/3/2021/12/6.23.21-Detailed-E-OTD-Curriculum-Roadmap-for-website.pdf,https://ahs.uic.edu/academics/occupational-therapy/entry-level-occupational-therapy-doctorate/what-to-expect/,145618.0,3.0,True,True,StructTreeRoot tag found,
PDF,Page (ACF Field),What to Expect (Field: intro_text_body),https://cms.ahs.uic.edu/occupational-therapy/wp-content/uploads/sites/3/2021/08/OT-Technical-Standards_7.20.21-Final-Draft.pdf,https://ahs.uic.edu/academics/occupational-therapy/entry-level-occupational-therapy-doctorate/what-to-expect/,513690.0,3.0,True,True,StructTreeRoot tag found,
Box,Page (ACF Field),What to Expect in the Nutrition Traditional MS Program (Field: intro_text_body),https://uofi.app.box.com/s/2uos0pjfimqeol4ziv4smyr758jg3bgw,https://ahs.uic.edu/academics/kinesiology-and-nutrition/ms-in-nutrition/what-to-expect-in-the-nutrition-traditional-ms-program/,118150.0,1.0,True,True,StructTreeRoot tag found,
Box,Page (ACF Field),What to Expect in the Nutrition Traditional MS Program (Field: intro_text_body),https://uofi.app.box.com/s/2uos0pjfimqeol4ziv4smyr758jg3bgw</a></p>,https://ahs.uic.edu/academics/kinesiology-and-nutrition/ms-in-nutrition/what-to-expect-in-the-nutrition-traditional-ms-program/,,,,,"Skipped: Box access failed - Message: Not Found
Status: 404
Code: not_found
Request ID: eec58ti2ukg1y051
Headers: {'date': 'Fri, 27 Jun 2025 20:51:42 GMT', 'content-type': 'application/json', 'x-envoy-upstream-service-time': '125', 'box-request-id': '0334fc23c8e8b9513cb579beebed819eb', 'cache-control': 'no-cache, no-store', 'strict-transport-security': 'max-age=31536000', 'via': '1.1 google', 'Alt-Svc': 'h3="":443""; ma=2592000,h3-29="":443""; ma=2592000', 'Transfer-Encoding': 'chunked'}
URL: https://api.box.com/2.0/shared_items
Method: GET
Context Info: None",
PDF,Page (ACF Field),What to Expect (Field: intro_text_body),https://ahs.uic.edu/wp-content/uploads/2025/04/Biomedical-Visualization-Part-Time-Course.pdf,https://ahs.uic.edu/academics/biomedical-and-health-information-sciences/ms-in-biomedical-visualization/what-to-expect/,290350.0,5.0,True,True,StructTreeRoot tag found,
Box,Page (ACF Field),Residency in Sports Physical Therapy (Field: intro_text_body),https://uofi.box.com/s/upbaj5rz65slljbcdl9vo11io137ihth,https://ahs.uic.edu/academics/physical-therapy/sports-physical-therapy-residency-program/,206886.0,4.0,True,True,StructTreeRoot tag found,
PDF,News (ACF Field),Statement on recent Supreme Court decision (Field: intro_text_body),https://www.supremecourt.gov/opinions/22pdf/20-1199_hgdj.pdf,https://ahs.uic.edu/news-stories/statement-on-recent-supreme-court-decision/,1714906.0,237.0,True,True,StructTreeRoot tag found,
PDF,News (ACF Field),American College of Sports Medicine to present its highest awards to Bo Fernhall and Charlotte “Toby” Tate (Field: intro_text_body),https://www.acsm.org/docs/default-source/annual-meeting-documents/2022-san-diego-ca/award-winners/2021-citation-award/2021-fernhall-final.pdf?sfvrsn=20386e0e_2,https://ahs.uic.edu/news-stories/american-college-of-sports-medicine-to-present-its-highest-awards-to-bo-fernhall-and-charlotte-toby-tate/,,,,,Skipped: Not a PDF link,
PDF,News (ACF Field),Students develop COVID-19 resource in Spanish (Field: intro_text_body),https://cms.ahs.uic.edu/inside-ahs/wp-content/uploads/sites/12/2020/03/How-to-protect-yourself-from-COVID-19-fact-sheet-Spanish.pdf,https://ahs.uic.edu/news-stories/students-develop-covid-19-resource-in-spanish/,1817035.0,2.0,True,False,No StructTreeRoot tag,
PDF,Event (ACF Field),April 2025 Kinesiology Info Session (Virtual) (Field: description),https://ahs.uic.edu/wp-content/uploads/2025/01/SP-25-KN-Info-Session.pdf,https://ahs.uic.edu/events/april-2025-kinesiology-info-session-virtual/,4047516.0,1.0,True,True,StructTreeRoot tag found,
Box,Profile (ACF Field),"Fischer, Heidi C. (Field: cv_link)",https://uofi.box.com/s/hsokfjkv95ecls4shss7tdv4ycz7m718,https://ahs.uic.edu/profiles/fischer-heidi/,,,,,"Skipped: Box access failed - Message: Access denied - insufficient permission
Status: 403
Code: access_denied_insufficient_permissions
Request ID: z40wbfi2ukg9rf4w
Headers: {'date': 'Fri, 27 Jun 2025 20:51:54 GMT', 'content-type': 'application/json', 'x-envoy-upstream-service-time': '168', 'box-request-id': '031efc13ddd88eebf8fb119a433b8c7be', 'cache-control': 'no-cache, no-store', 'strict-transport-security': 'max-age=31536000', 'via': '1.1 google', 'Alt-Svc': 'h3="":443""; ma=2592000,h3-29="":443""; ma=2592000', 'Transfer-Encoding': 'chunked'}
URL: https://api.box.com/2.0/files/1863599329767/content
Method: GET
Context Info: None",
Box,Profile (ACF Field),"Gillespie, Megan (Field: cv_link)",https://uofi.box.com/s/35zti300qunz1fa5kbdetqign1klile6,https://ahs.uic.edu/profiles/gillespie-megan/,186600.0,5.0,True,True,StructTreeRoot tag found,
Box,Profile (ACF Field),"Cleland, Brice T. (Field: cv_link)",https://uofi.box.com/s/6ap26ecr1z13kysdvusavtl73l2yessm,https://ahs.uic.edu/profiles/cleland-brice/,,,,,"Skipped: Box access failed - Message: Not Found
Status: 404
Code: not_found
Request ID: n997uri2ukgazy6w
Headers: {'date': 'Fri, 27 Jun 2025 20:51:56 GMT', 'content-type': 'application/json', 'x-envoy-upstream-service-time': '140', 'box-request-id': '1915b3ae4e7a6fa20d19161093fb0c1fe', 'cache-control': 'no-cache, no-store', 'strict-transport-security': 'max-age=31536000', 'via': '1.1 google', 'Alt-Svc': 'h3="":443""; ma=2592000,h3-29="":443""; ma=2592000', 'Transfer-Encoding': 'chunked'}
URL: https://api.box.com/2.0/shared_items
Method: GET
Context Info: None",
Box,Profile (ACF Field),"Bay, Stephanie (Field: cv_link)",https://uofi.box.com/s/ckv7p9djt9ctg91ghnmcutv8ug3ojcp3,https://ahs.uic.edu/profiles/bay-stephanie/,,,,,Skipped: Box access failed - Box file is not a PDF,
Box,Profile (ACF Field),"Cochrane, Daniel (Field: cv_link)",https://uofi.box.com/s/k7xwrpr6wjfe841iphd26bkjs1vtpojw,https://ahs.uic.edu/profiles/cochrane-daniel/,234950.0,6.0,True,True,StructTreeRoot tag found,
Box,Profile (ACF Field),"Zalake, Mohan (Field: cv_link)",https://uofi.box.com/s/n4b3t01g5vdntyua4e8gcnqud3ldh114,https://ahs.uic.edu/profiles/zalake-mohan/,,,,,Skipped: Box access failed - Box item is not a file,
Box,Profile (ACF Field),"Eisenberg, Yochai (Field: cv_link)",https://uofi.box.com/s/puwjz9ox87vko8o7h0thqgc1shlq1r7p,https://ahs.uic.edu/profiles/eisenberg-yochai/,388790.0,29.0,True,True,StructTreeRoot tag found,
Box,Profile (ACF Field),"Thomure, Ryan (Field: cv_link)",https://uofi.box.com/s/wi02ul8mnc3egbzdvnbwi4kp0uye3evy,https://ahs.uic.edu/profiles/thomure-ryan/,,,,,"Skipped: Box access failed - Message: Not Found
Status: 404
Code: not_found
Request ID: f21vxoi2ukge64k5
Headers: {'date': 'Fri, 27 Jun 2025 20:52:01 GMT', 'content-type': 'application/json', 'x-envoy-upstream-service-time': '217', 'box-request-id': '1939ba8344fd8e90d784529266eeddade', 'cache-control': 'no-cache, no-store', 'strict-transport-security': 'max-age=31536000', 'via': '1.1 google', 'Alt-Svc': 'h3="":443""; ma=2592000,h3-29="":443""; ma=2592000', 'Transfer-Encoding': 'chunked'}
URL: https://api.box.com/2.0/shared_items
Method: GET
Context Info: None",
PDF,Research Project (ACF Field),Florida Strive to Thrive (Field: abstract),https://www.fddc.org/wp-content/uploads/2024/01/Strive-to-Thrive-EnvironmentalScan-Final-12.20.23.pdf,https://ahs.uic.edu/research/florida-strive-to-thrive/,830513.0,77.0,True,True,StructTreeRoot tag found,
PDF,Research Project (ACF Field),Accessible Cities Project (Field: abstract),https://www.adagreatlakes.org/Research/CasebookADAsuccesstories.pdf,https://ahs.uic.edu/research/accessible-cities/,5105079.0,85.0,True,True,StructTreeRoot tag found,
PDF,Research Project (ACF Field),Accessible Cities Project (Field: abstract),https://metroplanning.org/wp-content/uploads/2023/10/ensemblemedia_mpc_adatransitionplanreport_compliant.pdf,https://ahs.uic.edu/research/accessible-cities/,22618741.0,40.0,True,True,StructTreeRoot tag found,
